<?xml version="1.0" encoding="UTF-8"?>
<!DOCTYPE suite SYSTEM "https://testng.org/testng-1.0.dtd">
<suite name="Suite">
	<listeners>
		<listener class-name="SeleniumTraining.TestNG.ListernerTest"/>
	</listeners>
	
  <test thread-count="2" name="Test">
  	<parameter name="LoginId" value="nagiritharun4543@gmail.com" />
  	<parameter name="pswd" value="tharun@34" />
    <classes>
     
      <class name="SeleniumTraining.TestNG.CaseysMain"/> 
  	  <class name="SeleniumTraining.TestNG.SpiceJet_Main"/>
    </classes>
  </test> <!-- Test -->
</suite> <!-- Suite -->
